DISCORD ID,DRIVER,PENALTY,PENALTY,SEVERITY,RECORD,CATEGORY,NOTES
761704404956741632,3XIE,JL4R2,Warning,2 (Moderate),no offence,Dangerous Driving - Backwards Driving,(10:27) In Pitlane
761704404956741632,3XIE,JL11R2,Final Warning ,1 (Minor),no offence,Chatting During Countdown,
728539160863834143,6ydg,CL11F6,Absolute Warning,3 (Major),no offence,Unsportsmanlike Conduct,swearing and talking to urist for incident
728539160863834143,6ydg,CL11S5,Final Warning,1 (Minor),no offence,Chatting During Countdown,
728539160863834143,6ydg,CL11F6,Final Warning,1 (Minor),no offence,Leaving Open Lanes,https://youtu.be/FsIl5dm5DBQ?t=1041
728539160863834143,6ydg,CL11F6,Grid Penalty,1 (Minor),1st offence,Chatting During race,
728539160863834143,6ydg,SL11R2,Reminder,1 (Minor),no offence,Agressive Driving - Divebomb,(22:48) risk of drawing a penalty
728539160863834143,6ydg,CL8S1,Reminder,1 (Minor),no offence,Chatting During Countdown,  
728539160863834143,6ydg,CL11R1,Reminder,1 (Minor),no offence,Edging,
728539160863834143,6ydg,CL11R1,Reminder,1 (Minor),no offence,Leaving Open Lanes,
728539160863834143,6ydg,CL9S9,Reminder ,1 (Minor),no offence,Chatting Duirng Countdown,
728539160863834143,6ydg,SL11R1,Reminder 2,1 (Minor),no offence,Chatting During Countdown,2nd offence in same day
728539160863834143,6ydg,CL11R2,Warning,2 (Moderate),no offence,Edging,Second edging reminder in 2 races + huge crash
728539160863834143,6ydg,UL13R3,Warning,3 (Major),no offence,Leaving Race on manual DNF,can crash server
1115314282146578492,Alexey Drozdov,CL11S5,5s Penalty,3 (Major),1st offence,Targeting Driver On-Track,https://youtu.be/z_lE25L6Nhc?t=136
1115314282146578492,Alexey Drozdov,JL10R1,DQ,5 (Absolute),1st offence,Driving Backwards,
1115314282146578492,Alexey Drozdov,CL11R4,Final Warning ,2 (Moderate),no offence,Divebomb,
1115314282146578492,Alexey Drozdov,CL11S5,Grid Penalty,4 (Severe),1st offence,Conspiring infractions / Unsportsmanlike conduct,Bragging about targeting drivers on-track in lobby
1115314282146578492,Alexey Drozdov,CL7R8,Reminder,2 (Moderate),no offence,Agressive Driving,"Reminded to not battle with others by forcing them off track or cutting off into walls, gravel"
1115314282146578492,Alexey Drozdov,CL11R2,Reminder,1 (Minor),no offence,Edging,
1115314282146578492,Alexey Drozdov,JL10R1,Reminder,1 (Minor),no offence,Leaving Open Lanes,
1115314282146578492,Alexey Drozdov,CL11R4,Reminder 2,1 (Minor),no offence,Leaving open lanes,
1115314282146578492,Alexey Drozdov,JL10R2,Warning,2 (Moderate),no offence,Divebomb,
1115314282146578492,Alexey Drozdov,JL10R5,Warning,1 (Minor),no offence,Leaving open lanes,10:08.91
794519880807350312,Anti,SL11R7,Absolute Warning,2 (Moderate),1st offence,Ignoring SLO instruction in Lobby,Anyone refusing to leave a lobby via SLO request will be kicked by Host - (Previous incident taking over a lobby)
794519880807350312,Anti,SL11R8,Reminder,1 (Minor),no offence,Careless Driving - Edging,(6:54)
794519880807350312,Anti,SL11R10,Reminder,1 (Minor),no offence,Careless Driving - Leaving Open Lanes,(4:44)
794519880807350312,Anti,UL12R3,Reminder,1 (Minor),no offence,Late Break,https://youtu.be/D8rKVJnREOg?t=244
794519880807350312,Anti,UL13R5,Reminder,1 (Minor),no offence,Swerving ,https://discord.com/channels/@me/833491483863547964/1140650832526839858
794519880807350312,Anti,UL13R5,Reminder,1 (Minor),no offence,Unsafe Track Re-Entry / Pit Entry,https://discord.com/channels/@me/833491483863547964/1140650832526839858
794519880807350312,Anti,SL11R10,Reminder 2,1 (Minor),no offence,Careless Driving - Leaving Open Lanes,(12:48)
794519880807350312,Anti,UL13R5,Warning,1 (Minor),no offence,Careless Driving - Leaving Open Lanes,https://discord.com/channels/@me/833491483863547964/1140653054878822602
794519880807350312,Anti,UL14,Server Mute Warning,4 (Severe),no offence,Server-Mute ,For public toxic arguments and name calling Nov 28
,Azat,JL7R2,Reminder,1 (Minor),no offence,Careless Driving - Leaving Open Lanes,https://youtu.be/CUPQ253V8Mo?t=965
,Azat,JL7R4,Reminder ,1 (Minor),no offence,Edging,(1:10)
,BakaRin,JL8R2,Reminder,1 (Minor),no offence,Swerving ,https://youtu.be/A6FGNJ6sFSg?t=306
,BeeKay,JL11R1,Final Warning,1 (Minor),no offence,Chatting During Countdown,
,Beekay,JL5R2,Reminder,1 (Minor),no offence,Aggressive Driving - Bumping/Swerving ,( 3:59) Swerve then Weaving on straight
,BeeKay,CL8F8,Reminder,1 (Minor),no offence,Careless Driving - Edging,(31:39)
,BeeKay,JL5R4,Reminder,1 (Minor),no offence,Careless Driving - Leaving Open Lanes,(7:58)
,BeeKay,JL5R4,Reminder,1 (Minor),no offence,Chatting During Countdown,
,BeeKay,JL11R1,Reminder 2,1 (Minor),no offence,Careless Driving - Edging,https://youtu.be/iW_k6-u5HmI?t=826
,BeeKay,MAR '23,Season Ban ,5 (Absolute),CONTRACT,Cancelling a FT contract mid-season,Must wait until end of season to Race
,BeeKay,May '23,Season Ban + FT Contract Ban,5 (Absolute),CONTRACT,Cancelling a FT contract mid-season,Must wait until end of season to Race - May not accept a FT contract next season until show attendance as a Reserve
,BeeKay,CL8F8,Warning,1 (Minor),1st offence,Aggressive Driving - Bumping/Swerving ,(26:09) next time is 5s pen
,BilboShaggins,JL6R4,Reminder ,1 (Minor),no offence,Careless - Track Limits Penalty Risk,https://youtu.be/ByMkgkjmnEc?t=13
,bsiw,CL11R5,ABSOLUTE WARNING,4 (Severe),CONNECTION,Severe teloporting - failure to announce new connection,
,bsiw,JL8R5,DQ,5 (Absolute),1st offence,Driving Backwards,
,bsiw,CL11S5,Reminder,1 (Minor),no offence,Unsafe Track Re-Entry ,https://youtu.be/dQNZ-z8Qhv4?t=13
,bsiw,JL9R1,Warning,2 (Moderate),1st offence,aggressive -  divebomb,https://youtu.be/PIeV86zJ_qE?t=752
,Buda,SL11R2,CONNECTION,4 (Severe),CONNECTION,LAG / PING Trailers Severe teleporting,Connection Re-hab Assigned (entire race)
,Buda,SL11R5,CONNECTION,2 (Moderate),CONNECTION,Wreckless Driving - Divebombing Corner,(3:59) Trailers - keep note of issue. (on final warning for connection issues)
,Buda,SL11R9,Pre-Penalty,None,1st offence,Careless Driving - Edging/Lane Changing,Position Given Back to Nuno 
,Buda,SL11R5,Reminder,1 (Minor),no offence,Aggressive Driving - Edging,(21:35)
,Buda,SL11R5,Reminder,1 (Minor),no offence,Careless Driving - Abrupt Lane-Change,(3:57) - Upon unsafe re-entry goes across track pushing nuno off.
,Buda,SL11R9,Reminder,1 (Minor),no offence,Careless Driving - Leaving Open Lanes,(7:52)
,Buda,SL11R4,Reminder,1 (Minor),no offence,Chatting During Countdown,
,Buda,SL11R5,Reminder,1 (Minor),no offence,Unsafe Track Re-Entry,(3:57)
,Buda,SL11R10,Reminder 2,1 (Minor),no offence,Careless Driving - Leaving Open Lanes,(10:39
,Buda,UL12R8,Reminder 2,1 (Minor),no offence,Careless Driving - Leaving Open Lanes,https://youtu.be/pUgw6mdiXow?t=1431
,Buda,SL11R7,Time-Penalty (5s),1 (Minor),1st offence,Chatting During Countdown,
,Buda,UL12R8,Warning,1 (Minor),1st offence,Careless Driving - Leaving Open Lanes,https://youtu.be/pUgw6mdiXow?t=448
,Buda,SL11R5,Warning,1 (Minor),1st offence,Chatting During Countdown,NEXT OFFENCE = 5s time pen
,Butter_lord,CL8S10,Reminder,1 (Minor),no offence,Chatting During Countdown,
,CADR,CL8F8,CONNECTION,2 (Moderate),CONNECTION,LAG / PING Trailers Causing Accident,(17:56) (19:35) Has had teleporting in past - now trailers will be tarcked a penalized if they continue to cause major issues.
,CADR,CL11F5,CONNECTION,2 (Moderate),CONNECTION,LAG / PING Trailers Causing Accident,https://youtu.be/z_lE25L6Nhc?t=1026
,CADR,CL9F1,Education,nil,CONNECTION,PING TRAILERS Awareness,https://gyazo.com/4335a830de6b869a056dca632ba703cf
,CADR,CL8F1,Reminder,1 (Minor),no offence,Careless Driving - Edging/Lane Changing,(14:38) Lap 1 lane crossing - Stay in your lane on straight (15:28)
,CADR,CL8F8,Reminder,1 (Minor),no offence,Careless driving - Swerving,(25:27) 
,CADR,JL4R1,Reminder,1 (Minor),no offence,Chatting During Countdown,
,CADR,JL6R1,Reminder,1 (Minor),no offence,Leaving Open Lanes,https://youtu.be/ULvMSCM8ZiU?t=631 10:31
,CADR,JL5R3,Reminder,1 (Minor),no offence,Pitlane Violation - Improper re-entry,(3:53 of Race)
,CADR,CL11F6,Reminder,1 (Minor),no offence,Careless Driving - Edging/Lane Changing,https://youtu.be/FsIl5dm5DBQ?t=885
,CADR,CL11F6,Reminder,1 (Minor),no offence,Late Break,https://youtu.be/FsIl5dm5DBQ?t=1001
,CADR,CL8F9,Reminder 2,1 (Minor),1st offence,Careless Driving - Edging/Lane Changing,(33:11)
,CADR,JL4R3,Reminder 2,1 (Minor),no offence,Careless Driving - Edging/Lane Changing,(14:32)
,CADR,CL9S4,Reminder 2,1 (Minor),no offence,Careless Driving - Leaving Open Lanes,https://youtu.be/e6-DL1aBqTs?t=365
,CADR,CL9F1,Reminder 2,1 (Minor),no offence,Pitlane Violation - Improper Entry,https://gyazo.com/207ec308ecdb43955587e86e6609c982 ALWAYS drive on lane that entry is on
,CADR,JL6R5,Warning,2 (Moderate),no offence,Divebomb,https://youtu.be/fDyQAN3XVUQ?t=655
,CADR,CL11S6,Warning,1 (Minor),no offence,Leaving open lanes,https://youtu.be/FsIl5dm5DBQ?t=138
,CADR,CL11F6,Warning,1 (Minor),no offence,Careless driving - Swerving,https://youtu.be/FsIl5dm5DBQ?t=985
,Carmona,JL8R5,Reminder,1 (Minor),no offence,Unsafe Track Re-Entry,01:22
,cesart,JL5R1,Reminder,1 (Minor),no offence,Agressive Driving - Divebomb,(6:55)
,cesart,JL5R1,Reminder,1 (Minor),1st offence,Unsafe Track Re-Entry,(6:04)
,Charged GT,CL9S4,Warning,1 (Minor),no offence,Agressive driving (4 instances),https://youtu.be/e6-DL1aBqTs
,ChargedJT,UL13R4,Reminder,1 (Minor),no offence,Leaving Open Lanes,25:50.11
,Chevrolet,CL8F9,Reminder,1 (Minor),no offence,Careless Driving - Divebombing,(42:59)
,Chevrolet,CL8SF,Reminder,1 (Minor),no offence,Chatting during race,
,Chevrolet,CL9F1,Reminder,1 (Minor),no offence,Late Break,https://gyazo.com/212425c604b1098e3ca00d4c5bf207ae
,Chevrolet,CL9F1,Warning,1 (Minor),no offence,Aggressive Driving - Bumping/Swerving ,https://gyazo.com/32877f822da9836ec9f34aea4ca5887b
,Chevrolet,SL11R9,Warning,1 (Minor),1st offence,Chattiing During Race,NEXT OFFENCE = 5s time pen
,Commiekaze,UL13,1 Season Ban,5 (Absolute),2nd Offence,Travesty of the Sport ,"Racing as an Alias in all 3 leagues, cancelling contracts and signing with his original racer in sam eleague + racing in a league he was banned from under alias (pre steam verification)"
,Commiekaze,SL7R6,Absolute Warning,4 (Severe),1st offence,Committing & conspiring to commit unsportsmanlike conduct + SERVER abuse,Public boasting of dirty driving moves. Committing & conspiring unsportsmanlike conduct.
,Commiekaze,CL8F1,CONNECTION BAN,4 (Severe),CONNECTION,Careless Driving - LAG trailer Causig Accident ,(15:14) Connection Rehab Issue Not Resolved - Must do more re-hab
,Commiekaze,CL8S1,Reminder,1 (Minor),no offence,Chatting During Countdown,
,Commiekaze,CL10R6,Reminder,1 (Minor),1st offence,Leaving Open Lanes,https://discord.com/channels/449754203238301698/1118853982920646677/1154153614965735495
,Commiekaze,CL8F1,Reminder,2 (Moderate),no offence,Leaving Race on manual DNF,
,Commiekaze,CL8S1,Reminder,2 (Moderate),no offence,Unsportsmanlike conduct,Calling driver idiot in chat
,Commiekaze,CL8S3,Reminder 2,1 (Minor),no offence,Chatting During Countdown,
,Commiekaze,CL8F1,Reminder 2,1 (Minor),no offence,Chatting During Race,2nd offence in same day
,Commiekaze,CL10R6,Warning,2 (Moderate),1st offence,Bumping/Crashing,https://discord.com/channels/449754203238301698/1118853982920646677/1154153614965735495
,Commikaze,CL10S3,Absolute Warning,3 (Major),3rd offence,Unsportsmanlike conduct,Homophobic slurs in chat
,Commikaze,CL10F2,Warning,1 (Minor),no offence,Chatting During Countdown,
,Commikaze,CL10S2,Warning,1 (Minor),no offence,Chatting During Countdown,
,Corvid,CL8S7,CONNECTION,2 (Moderate),CONNECTION,LAG / PING Trailers Causing Accident,(4:22) - Has had teleporting in past - now trailers will be tarcked a penalized if they continue to cause major issues. (3 sec minor Pen)
,Corvid,CL8S2,CONNECTION,3 (Major),CONNECTION,LAG / PING Trailers Severe teleporting,(8:58) not acceptable for racing - next violation will enter connection re-hab ((29:58)
,Corvid,SL11R2,CONNECTION,3 (Major),CONNECTION,LAG / PING Trailers Severe teleporting,not acceptable for racing - next violation will enter connection re-hab
,Corvid,CL8S4,Final Warning,1 (Minor),   2nd offence,Chatting During Countdown,
,Corvid,CL8S5,Reminder,1 (Minor),no offence,Careless Driving - Leaving Open Lanes,(5:45)
,Corvid,SL11R2,Reminder,1 (Minor),no offence,Chatting During Countdown,
,Corvid,UL14R6,Reminder,1 (Minor),no offence,Unsafe Track Re-Entry ,https://youtu.be/WMLv_ZKa1eQ?t=576
,Corvid,CL8S3,Reminder 2,1 (Minor),no offence,Chatting During Countdown,
,Corvid,SL11R9,Time-Penalty (5s),1 (Minor),1st offence,Chatting During Countdown,5th time  chatting during racing - 9 drivers remaining racing
,Corvid,UL12R2,Time-Penalty (5s),1 (Minor),2nd offence,Chatting During Countdown,
,Corvid,CL8F8,Trailer-Penalty (3s),1 (Minor),CONNECTION,LAG / PING Trailers Causing Accident,(20:47)  pushed off Jerun + Jerun gets in lag acccident  with KiAT0 with Corvid in between them and he escapes free (6 car lengths ahead on his screen)
,Corvid,CL8F3,Warning,1 (Minor),1st offence,Chatting During Countdown,2nd offence in same day
,Corvid,UL12R2,Warning,3 (Major),no offence,leaving lobby during race,
,Craf,CL7R9,Reminder,1 (Minor),no offence,Education on Ping Trailers,
,Craf,UL12R3,Reminder,1 (Minor),no offence,Late Break,https://youtu.be/D8rKVJnREOg?t=320
,cubo,UL12R6,Final Warning,1 (Minor),no offence,Chatting During Race,
,Cubo,UL12R3,Reminder,1 (Minor),no offence,Aggressive Driving - Bumping/Swerving ,https://youtu.be/cRp9xI7g_K4?t=384
,cubo,SL11R5,Reminder,1 (Minor),no offence,Careless Driving - Leaving Open Lanes, (5:38)
,cubo,CL8S2,Reminder,1 (Minor),no offence,Careless Driving - Leaving Open Lanes,(5:50) Must leave room - wet conditions*
,Cubo,SL11R4,Reminder,1 (Minor),no offence,Chatting During Countdown,
,Cubo,SLX7,Reminder,1 (Minor),1st offence,Chatting During Race - FIA not permitted,As FIA memeber told server to Hush - Internal FIA reminder - Cubo Joined SLO after
,Cubo,UL12R3,Reminder,1 (Minor),no offence,Divebomb,https://youtu.be/D8rKVJnREOg?t=342
,Cubo,CL9F8,Reminder 2,1 (Minor),no offence,Careless Driving - Leaving Open Lanes,https://youtu.be/ySuNPE938Vs?t=1290 https://youtu.be/ySuNPE938Vs?t=1933
,Cubo,CL8S9,Time-Penalty (5s),1 (Minor),1st offence,Chattting during race,
,Cubo,CL8F5,Warning,1 (Minor),1st offence,Chatting During Countdown,
,DANI,JL7R2,Reminder,1 (Minor),no offence,Careless Driving - Leaving Open Lanes,https://youtu.be/CUPQ253V8Mo?t=592
,DANI,JL7R1,Reminder,1 (Minor),no offence,Leaving Race on manual DNF,
,DANI,JL7R2,Reminder (2),1 (Minor),no offence,Careless Driving - Leaving Open Lanes,https://youtu.be/CUPQ253V8Mo?t=650
,DANI,JL7R2,Reminder (3),1 (Minor),no offence,Careless Driving - Leaving Open Lanes,https://youtu.be/CUPQ253V8Mo?t=724
,Danimator,SL11R10,5s Conditional Penalty,None,special offence,Careless Driving - Leaving Open Lanes,(21:47) Due to unique location of incident where recovery is endangered (similar to a final stretch incident hwere a position is given back)
,Danimator,SL11R1,Reminder,1 (Minor),no offence,Chatting During Countdown,
,Danimator,UL12R2,Reminder,1 (Minor),no offence,Leaving Open lanes,https://discord.com/channels/@me/942385478341111868/1099361529717072004
,Danimator,SL11R6,Reminder,2 (Moderate),no offence,Wreckles Driving - Divebomb,(6:40) Diveboming 2 consecutive corners + cutting across the track to do so
,Danimator,UL14R6,Reminder,1 (Minor),1st offence,Careless driving - Swerving,https://youtu.be/WMLv_ZKa1eQ?t=296
,Danimator,SL11R4,Reminder 2,1 (Minor),no offence,Chatting During Countdown,
,Danimator,UL14R3,Warning,2 (Moderate),1st offence,Aggressive cutting leading to Bumping / Crashing,https://youtu.be/wqUHKY-TDTI?t=442
,Deux_Machina,CL11R2,Final Warning,3 (Major),1st offence,Aggressive Divebomb,
,Deux_machina,JL7R3,Reminder,2 (Moderate),no offence,Aggressive Driving - Crashing/Cutting Off,https://youtu.be/VzyyHtTBIQY?t=780
,Deux_Machina,JL6R4,Reminder,1 (Minor),no offence,Chatting During race,https://youtu.be/ByMkgkjmnEc?t=113
,Deux_Machina,JL7R4,Reminder ,1 (Minor),no offence,Careless Driving - Leaving Open Lanes,https://youtu.be/6imH3M5Jkb8?t=311
,Deux_machina,JL7R3,Reminder ,1 (Minor),no offence,Edging,https://youtu.be/VzyyHtTBIQY?t=366
,Deux_Machina,JL11R2,Final Warning ,1 (Minor),no offence,Chatting During Countdown,
,dinhogod,CL8S9,Reminder,1 (Minor),no offence,Aggressive Driving - Bumping/Swerving ,(13:13
,dinhogod,JL6R3,Reminder,1 (Minor),no offence,Chatting during countdown,
,Dr_known,JL6R3,Final Warning,3 (Major),no offence,Unsportsmanlike Conduct,swearing at driver during countdown
,Dr_Known,JL6R2,Reminder,1 (Minor),no offence,Careless Driving - Leaving Open Lanes,https://youtu.be/nFARHXjbxbI?t=481
,Dr_known,JL6R3,Reminder,1 (Minor),no offence,Chatting during countdown,
,Dr_Known,JL6R3,Warning,2 (Moderate),no offence,Bumping/Crashing,https://youtu.be/N5Ye3gjsAOM?t=400
,Edvarditos,JL5R1,Reminder,1 (Minor),no offence,Chatting During Race,
,Edvarditos,JL5R1,Reminder,2 (Moderate),no offence,Unsportsmanlike conduct,(10:04) swearing at driver during a race
,EmaBoxe,CL8F6,Reminder,1 (Minor),no offence,Agressive Driving - Divebomb,(19:54 )
,EmaBoxe,JL4R1,Reminder,1 (Minor),no offence,Careless Driving - Divebombing,(5:58) Leave Outside Lane open 
,EmaBoxe,JL4R3,Reminder,1 (Minor),no offence,Careless Driving - Leaving Open Lanes,(7:52)
,EmaBoxe,JL4R1,Reminder,1 (Minor),no offence,Chatting During Countdown,
,Enigma,UL13R5,Absolute Warning,3 (Major),no offence,Leaving Race on manual DNF,
,Enigma,JL7R5,Reminder,1 (Minor),no offence,Agressive Driving - Divebombs,Back to league general reminder - multiple incidentc
,Enigma,SL7R6,Reminder,1 (Minor),no offence,Careless driving,Reminded to maintain control and to learn patterns of lag in individual drivers
,Enigma,JL8R1,Reminder,1 (Minor),no offence,Careless Driving - Leaving Open Lanes,https://youtu.be/5mGsbpAzLUE?t=669 + https://youtu.be/5mGsbpAzLUE?t=718
,Enigma,JL8R3,Reminder,1 (Minor),no offence,Late Breaking,https://youtu.be/3KNFAaJG3FM?t=286
,Enigma,JL8R1,Reminder,1 (Minor),no offence,Swerving ,https://youtu.be/5mGsbpAzLUE?t=187
,Ethan,CL11R4,CONNECTION,4 (Severe),CONNECTION,Noticeable Teleporting,https://www.youtube.com/watch?v=rg1VziG2N3A&t=916s
,ethan,JL11R1,Final Warning,1 (Minor),no offence,Chatting During Countdown,
,ethan,CL11F6,Reminder,1 (Minor),no offence,Leaving open lanes,https://youtu.be/FsIl5dm5DBQ?t=1591
,Fabricio,JL6R5,Reminder,1 (Minor),no offence,Careless Driving - Leaving Open Lanes,https://youtu.be/fDyQAN3XVUQ?t=573
,Fabricio,JL8R3,Reminder,1 (Minor),no offence,Late Breaking,https://youtu.be/3KNFAaJG3FM?t=231
,Fabricio,JL8R4,Reminder,1 (Minor),no offence,Unsafe Track Re-Entry,https://youtu.be/-SJURdJQK7U?t=719
,Fabricio,JL7R3,Reminder ,1 (Minor),no offence,Chatting Duirng Countdown,
,FelixLotus,JL10R4,Warning,2 (Moderate),no offence,Chatting during race,
,figoeira,CL11R5,Final Warning,1 (Minor),no offence,Chatting During Race,
,figoeira,CL11R5,Final Warning,3 (Major),no offence,Unsportsmanlike Conduct - swearing at driver in-race,
,figoeira,CL11R4,Reminder,1 (Minor),no offence,Late-Brake,https://www.youtube.com/watch?v=QzdwzW4iu2Q&t=259s
,figoeira,CL11F5,Reminder,1 (Minor),no offence,Leaving open lanes ,https://youtu.be/z_lE25L6Nhc?t=1212
,figoeira,CL11S5,Reminder 2,1 (Minor),no offence,Leaving open lanes,https://youtu.be/XJ7YFaOFv-o?t=845
,Flyx,JL11R1,Reminder,1 (Minor),no offence,Leaving open lanes,https://youtu.be/iW_k6-u5HmI?t=504
,Flyx,JL11R2,Reminder,1 (Minor),no offence,Unsafe Pit Entry,https://youtu.be/hXxa-_v4myg?t=124
,Fox,JL8R4,Reminder,1 (Minor),no offence,Abrupt Lane Change,https://youtu.be/u6rVK0WfTO0?t=104
,Fox,JL7R1,Reminder,1 (Minor),no offence,Leaving Race on manual DNF,
,franc3,UL13R4,Warning,3 (Major),no offence,Entering Lobby Mid-Race,
,Frozeni,UL14R3,Reminder,1 (Minor),no offence,Leaving Open Lanes,https://www.youtube.com/watch?v=wqUHKY-TDTI&t=565s
,Frozeni,UL14R2,Warning,2 (Moderate),1st offence,Swerving Causing Contact,position gave back to Jeruniy after last lap incident
,Gamer-15,SL7R5,Reminder,2 (Moderate),1st offence,Engaging in Chat during race,Full-on conversation/argument in race in defense of verbal assult.
,Goose,CL9F4,Final Warning,1 (Minor),no offence,Careless Driving - Leaving Open Lanes,https://youtu.be/e6-DL1aBqTs?t=947
,Goose,CL7R9,Reminder,2 (Moderate),no offence,Agressive Driving,Reminded to respect lanes and lines 
,Goose,JL5R2,Reminder,1 (Minor),no offence,Careless Driving - Leaving Open Lanes,( 9:58)
,Goose,CL8S8,Reminder,1 (Minor),no offence,Unsafe Track Re-Entry ,(7:27) 
,Goose,CL11F6,Reminder,1 (Minor),no offence,Late Break,https://youtu.be/FsIl5dm5DBQ?t=1081
,Goose,JL7R4,Reminder ,2 (Moderate),no offence,Aggressive Driving - Bumping/Swerving ,(6:23)
,Goose,JL6R2,Reminder 2,1 (Minor),no offence,Careless Driving - Leaving Open Lanes,https://youtu.be/nFARHXjbxbI?t=359
,Goose,JL7R4,Time-Penalty (5s),1 (Minor),1st offence,Careless Driving - Leaving Open Lanes,(1:34)
,Goose,JL7R2,Warning,1 (Minor),no offence,Careless Driving - Leaving Open Lanes,https://youtu.be/CUPQ253V8Mo?t=497
,Goose   ,JL6R2,Reminder 2,1 (Minor),no offence,Unsafe Track Re-Entry,https://youtu.be/nFARHXjbxbI?t=423
,Gorlomi,JL7R3,Reminder,2 (Moderate),no offence,Aggressive Driving - Crashing/Cutting Off,https://youtu.be/VzyyHtTBIQY?t=411
,Gorlomi,CL11R4,Reminder,1 (Minor),no offence,Leaving open lanes,https://www.youtube.com/watch?v=rg1VziG2N3A&t=628s
,Gorlomi,CL11S6,Reminder,1 (Minor),no offence,Unsafe Track Re-Entry ,https://youtu.be/FsIl5dm5DBQ?t=153
,Gorlomi,JL9R1,Reminder  ,1 (Minor),no offence,Careless Driving - Leaving Open Lanes,https://youtu.be/PIeV86zJ_qE?t=285
,Gorlomi,CL9S8,Warning,3 (Major),no offence,Enetering Lobby Mid-race,https://youtu.be/ySuNPE938Vs?t=516
,Gorlomi,CL10F2,Warning,3 (Major),no offence,Leaving Race on manual DNF,
,Gorlomi,CL11S6,Warning,1 (Minor),no offence,Leaving open lanes,https://youtu.be/FsIl5dm5DBQ?t=276
,Guetzli,CL9F8,CONNECTION,4 (Severe),CONNECTION,Teleoprting,DNFd
,Guetzliboy,SL11R5,Reminder,1 (Minor),no offence,Careless Driving - Leaving Open Lanes,(11:18)
,GuetzliBoy,CL8S8,Reminder,1 (Minor),no offence,Swerving,(5:35) Swerve cause mass-chain reaction of swerving and ppl goin off-track * likely ping related
,Guetzliboy,CL8S9,Reminder 2,1 (Minor),no offence,Careless Driving - Leaving Open Lanes,(16:03)
,hanadi,UL12R8,Reminder,2 (Moderate),no offence,Aggressive Driving - Crashing/Cutting Off,https://youtu.be/pUgw6mdiXow?t=1380
,Hank,JL11R1,Reminder,1 (Minor),no offence,Leaving open lanes,https://youtu.be/iW_k6-u5HmI?t=742
,Hetmenneke,SL8R2,3 race  SL + 1 Race in CL,5 (Absolute),2nd offence,Targeting driver on track â€“ Multiple wreckless driving accounts - 2nd offence of same rule,Direct attack of other driver during SL. SL status must be reinstated by jury. (no less then mid-season break)
,Hetmenneke,SL7R6,Absolute Warning,4 (Severe),1st offence,Committing & conspiring to commit unsportsmanlike conduct + SERVER abuse,Public boasting of rules exploits. Committing & conspiring unsportsmanlike conduct.
,Hetmenneke,SL11R9,CONNECTION,4 (Severe),CONNECTION,Lobby Boot / Lag STorm, 2nd issue in 3 races - SLO review
,Hetmenneke,SLX7,Grid Penalty in CL/SL,4 (Severe),2nd offence,Unsportsmanlike conduct,Excessive and agressive swearing in chat at another player - and in voice chat during commentary
,Hetmenneke,JL4R1,Reminder,1 (Minor),no offence,Careless Driving - Unsafe Track Re-entry,(13:34)
,Hetmenneke,May '23,Season Ban,5 (Absolute),CONTRACT,Cancelling a FT contract mid-season,Must wait until end of season to Race
,Hetmenneke,SLX7,Warning,1 (Minor),1st offence,Chatting During Race,Excessive and agressive swearing in chat at another player
,Hnandi,SLX5,Pre-Penalty,None,2nd offence,Agressive Driving,Gave Spot back to Rhozzim pre-penalty
,hnandi,SL11R1,Reminder,1 (Minor),no offence,Agressive Driving - Divebomb Drawing Penalty,"(5:23) Do not choose a lane that isnt open, running off track into another racer"
,Hnandi,SL8R4,Reminder,1 (Minor),no offence,Careless driving,Reminded to maintain control and to learn patterns of lag in individual drivers
,hnandi,SL11R8,Reminder,1 (Minor),no offence,Careless Driving - Leaving Open Lanes,(14:31)
,hnandi,SL11R2,Reminder,1 (Minor),no offence,Careless driving - Pitlane Violation,(23:34) Leave lanes open in pits for other to exit safely
,hnandi,SL11R5,Reminder,1 (Minor),no offence,Unsafe Track Re-Entry,(4:16)
,hnandi,UL12R3,Reminder 2,1 (Minor),no offence,Careless Driving - Leaving Open Lanes,https://youtu.be/D8rKVJnREOg?t=939
,Hnandi,SLX6,Time-Penalty (5s),2 (Moderate),3rd offence,Agressive Driving,5s penalty - 3rd offence
,Hnandi,SL9R6,Warning,1 (Minor),1st offence,Careless driving,Reminded to maintain control and to learn patterns of lag in individual drivers
,hnandi,UL12R9,Warning,1 (Minor),no offence,Careless Driving - Leaving Open Lanes,https://cdn.discordapp.com/attachments/1118853982920646677/1119053522076434493/ul12r9_L13_15secsbefore.mp4
,Hypermustang,JL5R1,Reminder,1 (Minor),no offence,Aggressive Driving - Bumping/Swerving ,(6:05) retaliated to being cutoff
,Hypermustang,CL8S5,Reminder,1 (Minor),no offence,Careless Driving - Divebombing,(7:15)
,Hypermustang,JL5R2,Reminder,1 (Minor),no offence,Chatting During Countdown,
,IchBowspamme,JL8R1,Reminder,1 (Minor),no offence,Late Breaking,https://youtu.be/5mGsbpAzLUE?t=193
,IchBowspamme,JL7R4,Reminder ,1 (Minor),no offence,Careless Driving - Leaving Open Lanes,https://youtu.be/6imH3M5Jkb8?t=51
,IchBowspamme,JL7R4,Reminder ,1 (Minor),no offence,Unsafe Track Re-Entry,https://youtu.be/6imH3M5Jkb8?t=451
,Ikeloski,JL4R3,Reminder,1 (Minor),no offence,Careless Driving - Abrupt Lane-Change,(9:38)
,Ikeloski,JL4R3,Reminder,1 (Minor),no offence,Chatting During Countdown,
,Jakeee,SL11R1,Reminder,1 (Minor),no offence,Careless Driving - Leaving Open Lanes,(14:55) Stay on line when in turn with other driver - or don't choose a sharp line
,Jakeee,CL8F1,Reminder,1 (Minor),no offence,Careless Driving - Unsafe Track Re-entry,(15:14) 
,Jakeee,CL8F1,Reminder,1 (Minor),no offence,Chatting During Countdown,
,Jakeee,CL8S1,Reminder,1 (Minor),no offence,Entering a lobby mid-race,Re-Entering Race After connection-DNF
,Jakeee,CL8F3,Reminder 2,1 (Minor),no offence,Aggressive Driving - Bumping/Swerving ,(28:58)
,jeffdaejaff,JL8R2,Reminder,1 (Minor),no offence,Edging,https://youtu.be/A6FGNJ6sFSg?t=215
,jeffdaejaff,JL8R2,Reminder 2,1 (Minor),no offence,Unsafe Track Re-Entry,https://youtu.be/A6FGNJ6sFSg?t=232
,jeffdaejaff,JL8R2,Reminder 2,1 (Minor),no offence,Unsafe Track Re-Entry,https://youtu.be/A6FGNJ6sFSg?t=336
,Jeffdaejeff,JL7R3,Reminder ,1 (Minor),no offence,Careless Driving - Leaving Open Lanes,https://youtu.be/VzyyHtTBIQY?t=289
,Jeffdaejeff,JL7R3,Reminder ,1 (Minor),no offence,Chatting Duirng Countdown,
,JeffdaeJeff,JL7R4,Reminder ,1 (Minor),no offence,Unsafe Track Re-Entry,(5:13)
,Jeffdaejeff,JL7R3,Reminder ,1 (Minor),no offence,Unsafe Track Re-Entry,https://youtu.be/VzyyHtTBIQY?t=315
,jeffdaejeff,JL8R5,Reminder  2,1 (Minor),no offence,Careless Driving - Leaving Open Lanes,01:08
,Jeffdaejeff,JL7R3,Warning,3 (Major),no offence,Unsportsmanlike conduct,https://youtu.be/VzyyHtTBIQY?t=1000
,Jeruniy,UL13R5,Absolute Warning,3 (Major),no offence,Leaving Race on manual DNF,
,jeruniy,UL12R9,Final Warning,2 (Moderate),no offence,Agressive Driving - Divebomb,https://cdn.discordapp.com/attachments/1118853982920646677/1118988295238602812/ul12r9_L38_jeru.mp4
,jeruniy,UL12R9,Final Warning,1 (Minor),no offence,Unsafe Track Re-Entry,https://cdn.discordapp.com/attachments/1118853982920646677/1118988294718504960/ul12r9_L27_jeru.mp4
,Jeruniy,SL11R8,Pre-Penalty,None,1st offence,Agressive Driving - Divebomb,Gave position to Danimator
,Jeruniy,SL11R10,Pre-Penalty,None,1st offence,Careless Driving - Leaving Open Lanes DRAWING ,(29:11) Drew a 3 s penalty on Urist on final lap - position awarded to Urist    APPEALED - not enough precedent to withold position swap
,Jeruniy,SL11R2,Reminder,1 (Minor),no offence,Agressive Driving - Divebomb,(22:46) risk of drawing a penalty
,Jeruniy,SL11R7,Reminder,1 (Minor),no offence,Careless Driving - Leaving Open Lanes,(5:30)
,Jeruniy,CL8S3,Reminder,1 (Minor),no offence,Chatting During Countdown,
,Jeruniy,UL14R3,Reminder,1 (Minor),no offence,Divebomb - trailer issue,https://www.youtube.com/watch?v=wqUHKY-TDTI&t=505s
,Jeruniy,CL8F1,Reminder,1 (Minor),no offence,PING TRAILERS,(25:16)  Be aware of lanes when both drivers are high PINGers
,Jeruniy,CL8F1,Reminder,1 (Minor),no offence,Unsafe Track Re-Entry,(5:42.18 of race) L11 T1
,Jeruniy,UL12R8,Reminder 2,1 (Minor),no offence,Careless Driving - Leaving Open Lanes,https://youtu.be/pUgw6mdiXow?t=349
,Jeruniy,CL8F5,Reminder 2,1 (Minor),no offence,Unsafe Track Re-Entry (Same race),(4:24)
,Jeruniy,CL8F5,Reminder 2 ,1 (Minor),no offence,Unsafe Track Re-Entry ,(:39)
,Jeruniy,SL11R8,Warning,1 (Minor),no offence,Agressive Driving - Divebomb,(12:04) was in rain ** next offence is FINAL WARNING
,jeruniy,UL12R9,Warning,1 (Minor),no offence,Careless Driving - Leaving Open Lanes,https://cdn.discordapp.com/attachments/1118853982920646677/1118988294718504960/ul12r9_L27_jeru.mp4
,Jeruniy,UL12R3,Warning,1 (Minor),no offence,Unsafe Track Re-Entry ,https://youtu.be/D8rKVJnREOg?t=426
,Jeruniy,UL12R7,Final Warning,1 (Minor),no offence,Careless Driving - Leaving Open Lanes,https://cdn.discordapp.com/attachments/1169386742063829022/1179268410182479872/3rd.mp4?ex=65792a4a&is=6566b54a&hm=85f18ad7d266d372e6a47cdc7961c4ddc8085c60f8528aea228692966bdb8bde&
,Joe 27,JL4R2,Reminder,1 (Minor),no offence,Entering a lobby mid-race,Entered game late - told to check laps complete in lobby
,joporsche,CL8F9,Pre-Penalty,None,1st offence,Careless Driving - Divebombing / Open Lanes,(44:02) give position to KiATO
,joporsche,CL8S2,Reminder,1 (Minor),no offence,Agressive Driving - Divebomb,(5:14)
,joporsche,JL4R2,Reminder,1 (Minor),no offence,Careless Driving - Abrupt Lane-Change,(8:34) Likely a trailer - but careful nonetheless
,joporsche,JL5R2,Reminder,1 (Minor),no offence,Unsafe Track Re-Entry (Pits),( 7:41 ) 
,joporsche,CL9F8,Reminder	1 (Minor)	no offence	Careless Driving - Leaving Open Lanes,,,,https://youtu.be/ySuNPE938Vs?t=1940
,joporsche,CL9F4,Reminder ,1 (Minor),no offence,Swerving ,https://youtu.be/e6-DL1aBqTs?t=969
,joporsche,JL5R4,Reminder (Advisory),1 (Minor),no offence,Pit Exit,No incident just very close call
,Juan,CL8F9,CONNECTION,2 (Moderate),CONNECTION,LAG / PING Trailers Severe teleporting,(26:27) Twice in One Day
,Juan,JL5R4,CONNECTION,2 (Moderate),CONNECTION,LAG / PING Trailers Severe teleporting,(3:52)  Knows that more issues like this will result in trailer penalties
,Juan,JL6R3,CONNECTION,4 (Severe),CONNECTION,Severe teloporting,https://youtu.be/N5Ye3gjsAOM?t=436
,Juan,JL6R2,CONNECTION,3 (Major),LAG / PING Trailers Severe teleporting,,Secoind incdent of severe connection issue - please enter connection re-hab
,Juan,May '23,CONNECTION BAN,5 (Absolute),CONNECTION,Connect no longer eligible for racing,Must re-test to re-enter grids
,Juan,CL8S9,Reminder,1 (Minor),no offence,Agressive Driving - Divebomb,(16:46)
,Juan,CL8SF,Reminder,1 (Minor),no offence,Agressive Driving - Divebomb,(16:56)
,Juan,JL5R4,Reminder,1 (Minor),no offence,Careless Driving - Leaving Open Lanes,(5:16) *** Very tricky turn but still something to look out for
,Juan,JL6R3,Reminder,1 (Minor),no offence,Chatting during countdown,
,Juan,CL8S8,Reminder,1 (Minor),no offence,Swerving ,"(6:51) Lots of lag and swerving - if you are laggy, especially, u cannot swerve!"
,Juan,JL8R5,Reminder,1 (Minor),no offence,Unsafe Track Re-Entry,06:31
,Juan,UL14,Server Mute Warning,4 (Severe),no offence,Server-Mute ,For public toxic arguments and name calling Nov 28
,Kad'O,UL14R2,CONNECTION,4 (Severe),CONNECTION,10s time penalty for really bad connection,
,Kad'O,SL11R5,CONNECTION,2 (Moderate),CONNECTION,LAG / PING Trailers Severe teleporting,(8:38)
,Kad'O,SL11R8,Reminder,1 (Minor),no offence,Careless Driving - Leaving Open Lanes,(6:33)
,Kad'O,SL11R7,Reminder,1 (Minor),no offence,Careless Driving - Swerving,(9:32)
,Kad'O,CL8F4,Reminder,1 (Minor),no offence,Chatting During Countdown,2nd offence in same day
,Kad'O,CL8S4,Reminder,1 (Minor),no offence,Chatting During Countdown,
,Kad'O,SL11R4,Reminder,1 (Minor),no offence,Chatting During Countdown,
,Kad'O,UL12R1,Reminder,1 (Minor),no offence,Late Break,https://gyazo.com/595b87c3848f8314f1261b8bc0dac414
,Kad'O,SL11R5,Reminder,1 (Minor),no offence,Unsafe Track Re-Entry,(8:38)
,Kad'O,CL9S1,Reminder ,1 (Minor),no offence,abrupt Lane Change,https://youtu.be/8jH80NXqlnY?t=1186
,Kad'O,CL9F8,Reminder ,1 (Minor),no offence,Edging (Ping trailer mgmt),https://youtu.be/ySuNPE938Vs?t=1461
,Kad'O,UL13R3,Reminder  2,1 (Minor),no offence,Edging (Ping trailer mgmt),https://youtu.be/Zfxto-TISuo?t=385
,Kad'O,SL11R10,Reminder 2,1 (Minor),1st offence,Careless Driving - Leaving Open Lanes,(6:29)
,Kad'O,SL11R10,Reminder 2,1 (Minor),1st offence,Careless Driving - Swerving,(5:31)
,Kad'O,CL10R3,Reminder 2,1 (Minor),no offence,Late Brake,https://youtu.be/o2KTPQ4domw?t=2948
,Kad'O,SL11R6,Reminder 2,1 (Minor),1st offence,Unsafe Track Re-Entry,Lap 4 @ Water Snakes 
,Kad'O,UL12R1,Warning,1 (Minor),no offence,Careless Driving - Leaving Open Lanes / PING Trailer,https://gyazo.com/88e46e333087d1d5a210f8c884076457 - https://gyazo.com/38131134dfb9056f14b2de4d28c903a4 - https://gyazo.com/7bb84c6c16b68a989dbf132a440e0113 -
,Kad'O,UL13R3,Warning,1 (Minor),no offence,Unsafe Track Re-Entry,https://youtu.be/gq7LWv1QDkE?t=947
,Kalitka,CL9S9,Final Warning,1 (Minor),no offence,Chatting During Countdown,
,Kalitka,JL7R2,Reminder,2 (Moderate),no offence,Agressive Driving - Divebomb,https://youtu.be/CUPQ253V8Mo?t=745
,Kalitka,JL7R2,Reminder,1 (Minor),no offence,Careless Driving - Late Break,https://youtu.be/CUPQ253V8Mo?t=738
,Kalitka,JL6R2,Reminder,1 (Minor),no offence,Chatting During race,
,Kalitka,JL7R3,Reminder 2,1 (Minor),no offence,Chatting During Race - & Swearing,
,Kalitka,JL7R4,Warning,1 (Minor),no offence,Chatting During Race,
,Kalitka,JL7R3,Warning,3 (Major),no offence,Leaving Race on manual DNF,
,KiATO,CL9S2,CONNECTION,1 (Minor),no offence,PING trailers ,https://youtu.be/PirlLtjxeOg?t=587
,KiATO,CL11S5,Final Warning,1 (Minor),no offence,Chatting During Countdown,
,KiATO,CL11F5,Final Warning,1 (Minor),no offence,Leaving open lanes,https://youtu.be/z_lE25L6Nhc?t=435
,KiATO,CL11F5,Final Warning,1 (Minor),no offence,Leaving open lanes (same day),https://youtu.be/z_lE25L6Nhc?t=1110 (watch until enters pits)
,KiATO,JL4R1,Reminder,1 (Minor),no offence,Aggressive Driving - Bumping/Swerving ,(13:10) Weaving mid-corner cutting off driver behind
,KiATO,JL4R2,Reminder,1 (Minor),no offence,Careless Driving - Abrupt Lane-Change,(7:09) Cuts off vlad - vlad goes to grass soon after
,KiATO,JL6R2,Reminder,1 (Minor),no offence,Careless Driving - Leaving Open Lanes,
,KiATO,CL8SF,Reminder,1 (Minor),no offence,Chatting During Race,(19:08)
,KiATO,CL11R1,Reminder,2 (Moderate),no offence,Divebomb,
,KiATO,JL4R5,Reminder,1 (Minor),no offence,Edging,"(9:43) once pass is made, keep in mind open lane beside you"
,KiATO,CL8F9,Reminder,1 (Minor),no offence,Unsafe Track Re-Entry ,(30:09)
,KiATO,JL6R2,Reminder 2,1 (Minor),no offence,Careless Driving - Leaving Open Lanes,
,KiATO,CL11R4,Reminder 2,1 (Minor),no offence,Unsafe Track Re-Entry , https://youtu.be/rg1VziG2N3A?t=12
,KiATO,CL9F8,Warning,1 (Minor),no offence,Careless Driving - Leaving Open Lanes,https://youtu.be/ySuNPE938Vs?t=1304
,KiATO,CL11R4,Warning,1 (Minor),no offence,Unsafe Track Re-Entry ,https://www.youtube.com/watch?v=rg1VziG2N3A&t=193s
,Kisir,CL11F6,Absolute Warning,3 (Major),no offence,Unsportsmanlike Conduct,https://youtu.be/FsIl5dm5DBQ?t=935
,Kisir,CL11F6,Final Warning,1 (Minor),no offence,Chatting During race,https://youtu.be/FsIl5dm5DBQ?t=935
,Kisir,JL8R4,Reminder,1 (Minor),no offence,Chatting During Countdown,
,Kisir,JL8R4,Reminder,1 (Minor),no offence,Edging,https://youtu.be/-SJURdJQK7U?t=435
,Kisir,JL10R5,Reminder,1 (Minor),no offence,Late Break,6:46.89
,Kisir,CL10R4,Reminder,1 (Minor),no offence,Unsafe Track Re-Entry,https://youtu.be/k88cVdG679Y?t=934
,Kisir,CL11S5,Reminder,1 (Minor),no offence,Unsportsmanlike Conduct,do not block soemone comg back on track https://youtu.be/XJ7YFaOFv-o?t=662
,Kisir,JL10R1,Reminder 2,1 (Minor),no offence,Unsafe Track Re-Entry,
,Kisir,JL11R2,Time-Penalty (5s),1 (Minor),1st offence,Chatting During Countdown,
,L. Carino,JL6R3,Final Warning,2 (Moderate),no offence,Divebomb,https://youtu.be/N5Ye3gjsAOM?t=362
,L. Carino,JL5R1,Reminder,1 (Minor),no offence,Agressive Driving - Divebomb,(17:21)
,L. Carino,CL8S9,Reminder,1 (Minor),no offence,Agressive Driving - Track Limits Drawing Penalty,(14:21)
,L. Carino,JL5R5,Reminder,1 (Minor),no offence,Careless Driving - Leaving Open Lanes,(9:29)
,L. Carino,JL5R4,Reminder,1 (Minor),no offence,Chatting During Countdown,
,L. Carino,JL5R4,Reminder,1 (Minor),no offence,Leaving Race Before Results,
,L. Carino,JL6R3,Reminder ,1 (Minor),no offence,Pit Violation : Improper Entry,https://youtu.be/N5Ye3gjsAOM?t=415
,L. Carino,CL8S9,Reminder 2,1 (Minor),no offence,Careless Driving - Leaving Open Lanes,(16:20)
,L. Carino,JL6R2,Reminder 2,1 (Minor),no offence,Chatting During race,
,L. Davydov,CL8F1,Reminder,1 (Minor),no offence,Careless Driving - Edging/Lane Changing,(23:13) Swerving ahead of drivers is big risk when choosing corner lines
,Leito,May '23,Season Ban,5 (Absolute),CONTRACT,Cancelling a FT contract mid-season,Must wait until end of season to Race
,Levioso,SLX7,Warning,1 (Minor),1st offence,Chatting During Race - FIA not permitted,
,LOLOLOL,JL8R5,Reminder,1 (Minor),no offence,Late break,01:43
,LOLOLOL,JL10R5,Reminder,1 (Minor),no offence,Leaving open lanes,:40.19
,LOLOLOL,CL11F6,Reminder,1 (Minor),no offence,Unsafe Track Re-Entry ,https://youtu.be/FsIl5dm5DBQ?t=1160
,LOLOLOL,UL14R6,Warning,1 (Minor),no offence,Late break,https://youtu.be/WMLv_ZKa1eQ?t=333
,M. Andries,CL10,1 Team Race Ban,4 (Severe),1st offence,Attacking another player in chat/lobby,(Mike) accusing him (lying) of being the alt by protecting the real fraudster
,M. Andries,CL10,1 Team Race Ban,3 (Major),1st offence,Conspiring to commit infractions,Consipiring to commit level 5 infractions on track by brokering a deal with a known fraud
,M. Andries,CL10,1 Team Race Ban,3 (Major),1st offence,Ignoring SLO / FIA,Interfering with FIA requests by refusing to identify the alt when he knew who it was
,M. Andries,CL10,1 Team Race Ban,5 (Absolute),1st offence,Travesty of the Sport,Perpetuatiing  the storyline about having a fraud race for him and harboring a known cheater / not revealing identity after knowing
,M. Andries,CL8S8,Reminder,1 (Minor),no offence,Careless Driving - Divebombing,(9:34)
,M. Andries,SL11R4,Reminder,1 (Minor),no offence,Careless Driving - Leaving Open Lanes,(35:11) he gave the position back to Sewasd after the incident
,M. Andries,CL8S3,Reminder,1 (Minor),no offence,Chatting During Countdown,
,M. Andries,CL9F4,Reminder ,1 (Minor),no offence,Careless Driving - Leaving Open Lanes,https://youtu.be/e6-DL1aBqTs?t=838
,M. Andries,CL8S4,Reminder 2,1 (Minor),no offence,Chatting During Countdown,
,Marianfrias,UL13R3,Reminder,1 (Minor),no offence,Chatting During Countdown,
,Marianfrias,UL12R3,Reminder,1 (Minor),no offence,Late Break,https://youtu.be/D8rKVJnREOg?t=312
,Mascabrevas,JL8R3,CONNECTION,4 (Severe),CONNECTION,Severe Lag ,Reminded to DNF in this situation
,Mascabrevas,JL4R2,Reminder,2 (Moderate),no offence,Entering a lobby mid-race,Re-Entering Race After connection-DNF
,Mascabrevas,JL8R5,Reminder,1 (Minor),no offence,Late break,08:30
,Mascabrevas,JL7R4,Reminder ,1 (Minor),no offence,Careless Driving - Leaving Open Lanes,https://youtu.be/6imH3M5Jkb8?t=178
,Mascabrevas,JL6R4,Reminder ,1 (Minor),no offence,Careless Driving - Leaving Open Lanes,https://youtu.be/ByMkgkjmnEc?t=10
,Mascabrevas,JL7R4,Reminder ,1 (Minor),no offence,Unsafe Track Re-Entry,https://youtu.be/6imH3M5Jkb8?t=17
,Mastee,JL10R1,Reminder,1 (Minor),no offence,Chatting During Countdown,
,Mastee,JL10R1,Warning,2 (Moderate),1st offence,aggressive -  divebomb,https://youtu.be/rOmw4bczRqU?t=559
,Mastee,JL10R1,Warning Reminder,2 (Moderate),no offence,Divebomb,
,MatiMar,CL11S6,Final Warning,1 (Minor),no offence,Leaving open lanes,https://youtu.be/FsIl5dm5DBQ?t=135
,MatiMar,CL11S5,Final Warning,1 (Minor),no offence,Leaving open lanes,https://youtu.be/XJ7YFaOFv-o?t=734
,MatiMar,JL6R2,Reminder,1 (Minor),no offence,Abrupt Lane-Change,https://youtu.be/nFARHXjbxbI?t=200
,MatiMar,UL13R3,Reminder,2 (Moderate),no offence,Agressive Driving - Swerving,https://discord.com/channels/449754203238301698/903800685697593344/1132748562476834899
,MatiMar,JL6R1,Reminder,2 (Moderate),no offence,Bumping Off-Track,https://youtu.be/ULvMSCM8ZiU?t=215 (3:35)
,MatiMar,JL6R1,Reminder,1 (Minor),no offence,Chatting During Countdown,https://youtu.be/ULvMSCM8ZiU?t=745
,MatiMar,JL6R3,Reminder,1 (Minor),no offence,Edging,https://youtu.be/N5Ye3gjsAOM?t=576
,Matimar,CL11R1,Reminder,1 (Minor),no offence,Edging,
,MatiMar,CL9S1,Reminder,1 (Minor),no offence,Late Break,https://www.youtube.com/watch?v=8jH80NXqlnY
,MatiMar,JL6R3,Reminder,1 (Minor),no offence,Unsafe track re-entry,https://youtu.be/mZTw1vdH314?t=593
,MatiMar,CL9S8,Reminder ,1 (Minor),no offence,Leaving open Lanes,https://youtu.be/ySuNPE938Vs?t=168
,MatiMar,JL7R4,Reminder 2,1 (Minor),no offence,Careless Driving - Leaving Open Lanes,(3:26)
,MatiMar,JL6R5,Reminder 2,1 (Minor),no offence,Late Break,https://youtu.be/fDyQAN3XVUQ?t=322
,MatiMar,JL6R3,Reminder 2,1 (Minor),no offence,Leaving Open lanes,https://youtu.be/N5Ye3gjsAOM?t=586
,MatiMar,CL9F4,Warning,2 (Moderate),no offence,Divebomb,https://youtu.be/e6-DL1aBqTs?t=864
,MatiMar,CL11R4,Warning,1 (Minor),no offence,Leaving open lanes, https://youtu.be/rg1VziG2N3A?t=12
,Monaco GP,JL6R3,Reminder,1 (Minor),no offence,Driving Off-Track (penalty risk),https://youtu.be/mZTw1vdH314?t=385
,Monaco GP,JL6R4,Reminder,1 (Minor),no offence,Late Break,https://youtu.be/T3hHb0x1zdM?t=29
,Monaco GP,JL6R4,Reminder,1 (Minor),no offence,Unsafe Track Re-Entry,
,Monaco GP,May '23,Season Ban,5 (Absolute),CONTRACT,Cancelling a FT contract mid-season,Must wait until end of season to Race
,Mr. Krunk,CL8F9,5p Grid Penalty (JL),1 (Minor),2nd offence,Chatting During Race,Will Start from back of next CL Race due to 2 combined penalties
,Mr. Krunk,CL8F9,5p Grid Penalty (JL),2 (Moderate),2nd offence,Joining Lobby Mid-Race,Will Start from back of next CL Race due to 2 combined penalties
,Mr. Krunk,CL10F1,Drivethrough Penalty,1 (Minor),3rd offence,Chatting During Race,Will take penalty in JL - (highest main seat)
,Mr. Krunk,JL8R3,Reminder,1 (Minor),no offence,Abrupt Lane Change,https://youtu.be/-RtJPLGJu54?t=1095
,Mr. Krunk,CL8S2,Reminder,1 (Minor),no offence,Agressive Driving - Divebomb,(5:14)
,Mr. Krunk,JL5R2,Reminder,1 (Minor),no offence,Careless Driving - Leaving Open Lanes,(10:48) 
,Mr. Krunk,SL11R3,Reminder,1 (Minor),no offence,Chatting During Race,
,Mr. Krunk,CL8F5,Reminder,1 (Minor),no offence,Leaving Race on manual DNF,
,Mr. Krunk,JL6R4,Reminder 2,1 (Minor),no offence,Careless Driving - Leaving Open Lanes,https://youtu.be/ByMkgkjmnEc?t=4
,Mr. Krunk,CL9S1,Reminder 2,1 (Minor),no offence,Late Break,https://youtu.be/8jH80NXqlnY?t=177
,Mr. Krunk,JL5R2,Time-Penalty (5s),1 (Minor),1st offence,Chatting during race, (10:44)
,Mr. Krunk,CL8SF,Time-Penalty (5s),1 (Minor),1st offence,Chatting during race,(2nd time in same day therefore only penalize the SAME penalty)
,Mr. Krunk,CL8F5,Warning,1 (Minor),no offence,Chatting During Race,NEXT OFFENCE 5s Penalty
,Mr. Krunk,CL8S6,Warning,1 (Minor),1st offence,Entering Lobby During Race,Has already been reminded about this rule before
,Mr.Monza,JL11R1,Final Warning,1 (Minor),no offence,Chatting During Countdown,
,Mr.Monza,JL11R1,Reminder,1 (Minor),no offence,Divebomb,https://youtu.be/iW_k6-u5HmI?t=284
,Mr.Monza,JL11R1,Warning,1 (Minor),no offence,Agressive Lane Change,https://youtu.be/iW_k6-u5HmI?t=1038
,Mr.Monza,JL11R2,Time-Penalty (5s),1 (Minor),1st offence,Chatting During Countdown,
,Mr.Monza,JL11R2,Warning,2 (Moderate),no offence,Divebomb,https://youtu.be/hXxa-_v4myg?t=49
,Mr.Monza,UL14,Server Mute Warning,4 (Severe),no offence,Hatee Speech / Harrassment / Toxic Chat,For incidents btw Nov 15-23
,Mr.Monza,UL14,Server Mute F. Warning,4 (Severe),no offence,Hatee Speech / Harrassment / Toxic Chat,For incidents btw Nov 23-27
,MrBubbles,JL10R5,Final Warning,1 (Minor),no offence,Chatting During Race,
,MrBubbles,JL10R5,Reminder,1 (Minor),no offence,Leaving open lanes,14:11.13
,MrBubbles,CL11S5,Reminder,1 (Minor),no offence,Leaving open lanes,https://youtu.be/z_lE25L6Nhc?t=435
,nomscar,SL11R5,Reminder,1 (Minor),no offence,Careless Driving - Leaving Open Lanes,(4:09 ) inside-outside pushing off bud and Nuno
,Nuno,SL11R8,Reminder,1 (Minor),no offence,Careless Driving - Divebombing,(9:35)
,Nuno,SL11R10,Reminder,1 (Minor),no offence,Careless Driving - Leaving Open Lanes,(4:43)
,Nuno,SL11R9,Reminder,1 (Minor),no offence,Chatting During Countdown,
,OddKoopa,JL5R4,CONNECTION,3 (Major),CONNECTION,,
,OddKoopa,JL5R4,Reminder,1 (Minor),no offence,Chatting During Countdown,
,OddKoopa,CL8S8,Reminder,1 (Minor),no offence,Leaving Open Lanes,(5:56)
,Ostigaosten,JL5R3,Reminder,1 (Minor),no offence,Careless Driving - Divebombing,(8:10) 
,Ostigaosten,JL5R4,Reminder,1 (Minor),no offence,Careless Driving - Edging,(8:10)
,Pemucius,UL13,4 Race Ban,5 (Absolute),1st offence,Travesty of the Sport ,Racing as an Alias in a CL League Race - Ban will last 1 race into S14
,Pemucius,UL12R4,Final Warning,2 (Moderate),no offence,Aggressive Driving - Bumping/Swerving ,https://cdn.discordapp.com/attachments/839133260830867487/1100534837967859803/ul12-r3-pemu.mp4
,Pemucius,SL11R8,Reminder,2 (Moderate),no offence,Aggressive Driving - Bumping/Swerving ,(30:16
,Pemucius,SLXR8,Reminder,2 (Moderate),no offence,Agressive Driving,Reminded to respect lanes and lines even in last laps of race - respect the battle
,Pemucius,UL12R8,Reminder,1 (Minor),no offence,Careless Driving - Abrupt Lane-Change,https://youtu.be/pUgw6mdiXow?t=674
,Pemucius,UL12R1,Reminder,1 (Minor),no offence,Careless Driving - Divebomb,https://gyazo.com/2516b0e0ae07359391d78bf2d02d8c15
,Pemucius,SL11R2,Reminder,1 (Minor),no offence,Careless Driving - Leaving Open Lanes,(6:10)
,Pemucius,SL11R9,Reminder,1 (Minor),no offence,Chatting During Countdown,
,Pemucius,UL13R3,Reminder,2 (Moderate),no offence,Post-Race Arguing /Instigating,
,Pemucius,SL11R5,Reminder,1 (Minor),no offence,Unsafe Track Re-Entry,(4:29)
,Pemucius,UL13R3,Reminder 2,1 (Minor),no offence,Careless Driving - Abrupt Lane-Change,
,Pemucius,SL11R3,Reminder 2,1 (Minor),no offence,Careless Driving - Leaving Open Lanes,(9:35  &  9:43) 2 swipes in a row
,Pemucius,SL11R10,Reminder 2,1 (Minor),no offence,Careless Driving - Swerving,(16:59
,Pemucius,UL13R3,Reminder 2,1 (Minor),no offence,Late Break,https://youtu.be/N1UDXaF005w?t=676
,Pemucius,UL12R1,Warning,2 (Moderate),no offence,Aggressive Driving - Bumping/Swerving ,https://gyazo.com/2b1c19eca0dd79c555593e8cdafdc4d6
,Pemucius,UL13R3,Warning,1 (Minor),no offence,Careless Driving - Leaving Open Lanes,https://youtu.be/N1UDXaF005w?t=472
,Pemucius,UL12R1,Warning,1 (Minor),no offence,Careless Driving - Swerving,https://gyazo.com/6b035121ed1a7210e8e4a46663d9c710
,priya,JL6R4,CONNECTION,4 (Severe),CONNECTION,Teleoprting,DNFd
,priya,CL9F4,CONNECTION,4 (Severe),CONNECTION,Teleporting,https://youtu.be/e6-DL1aBqTs?t=1200
,priya,JL6R5,Reminder,2 (Moderate),no offence,Agressive Driving - Divebomb,https://youtu.be/fDyQAN3XVUQ?t=315
,priya,JL6R5,Reminder,1 (Minor),no offence,Careless Driving - Leaving Open Lanes,https://youtu.be/fDyQAN3XVUQ?t=300
,priya,JL6R5,Reminder,1 (Minor),no offence,Late Break,https://youtu.be/fDyQAN3XVUQ?t=644
,priya,CL9F4,Reminder ,1 (Minor),no offence,Swerving ,https://youtu.be/e6-DL1aBqTs?t=855
,priya,JL8R3,Reminder 2,1 (Minor),no offence,Careless Driving - Leaving Open Lanes,https://youtu.be/3KNFAaJG3FM?t=773
,priya,JL6R5,Reminder 2,1 (Minor),no offence,Swerving ,https://youtu.be/fDyQAN3XVUQ?t=390
,priya,JL7R4,Warning,2 (Moderate),no offence,Agressive Driving - Divebomb,(:33) +(:42)
,priya,JL7R1,Warning,3 (Major),no offence,Leaving Race on manual DNF,
,ProLime4,JL8R3,Reminder,1 (Minor),no offence,Chatting During Countdown,
,ProLime4,CL10R4,Reminder,1 (Minor),no offence,Unsafe Track Re-Entry,https://youtu.be/k88cVdG679Y?t=934
,Pumpk1n,UL14R3,Warning,1 (Minor),no offence,"Edging (Last Lap, Last Corner Incident)",position given back to M. Andries
,R3DACTED,JL6R5,Reminder,1 (Minor),no offence,Edging,https://youtu.be/fDyQAN3XVUQ?t=625
,R3DACTED,May '23,Season Ban,5 (Absolute),CONTRACT,Cancelling a FT contract mid-season,Must wait until end of season to Race
,R3DACTED,JL8,Season Ban,5 (Absolute),CONTRACT,Impersonating / ALt Account,Must wait until end of season to Race
,Rams,May '23,Season Ban,5 (Absolute),CONTRACT,Cancelling a FT contract mid-season,Must wait until end of season to Race
,Rhozzim,SL Gen,5 race ban,CONTRACT,1st offence,Cancelling a contract mid-season,Must wait until mid-season or 5 races - may only AnR for MAY upon return
,Rhozzim,UL13R3,Reminder,1 (Minor),no offence,Careless Driving - Leaving Open Lanes,https://youtu.be/N1UDXaF005w?t=666
,Rhozzim,CL9F1,Reminder,1 (Minor),no offence,Filing complaints that did not elicit Penalties,Reminded to make sure there is more than just lag / error. (sent in 14 clips less than half were infractions)
,RikkieBoy,JL8R3,Reminder,1 (Minor),no offence,Leaving Open Lanes,https://youtu.be/3KNFAaJG3FM?t=347
,Rock Beavers,JL7R1,Reminder,1 (Minor),no offence,Careless Driving - Leaving Open Lanes,https://youtu.be/ELKVeLsOB3c?t=251
,Rock Beavers,JL7R4,Reminder 2,1 (Minor),no offence,Careless Driving - Leaving Open Lanes,https://youtu.be/6imH3M5Jkb8?t=327
,Russski,JL7R4,Reminder 2,1 (Minor),no offence,Careless Driving - Leaving Open Lanes,https://youtu.be/lpThq0CqoYk?t=772
,Russzki,JL10R5,Final Warning,1 (Minor),no offence,Chatting During Race,
,Russzki,JL8R4,Final Warning ,1 (Minor),no offence,Leaving Open Lanes,https://youtu.be/-SJURdJQK7U?t=234
,Russzki,UL14R3,Reminder,1 (Minor),no offence,Abrupt Lane-Change,https://www.youtube.com/watch?v=wqUHKY-TDTI&t=519s
,Russzki,JL7R2,Reminder,1 (Minor),no offence,Careless Driving - Leaving Open Lanes,https://youtu.be/CUPQ253V8Mo?t=777
,Russzki,JL8R4,Time-Penalty (5s),1 (Minor),1st offence,Abrupt Lane Change,https://youtu.be/-SJURdJQK7U?t=338
,Russzki,JL8R1,Warning,1 (Minor),no offence,Leaving Open Lanes,https://youtu.be/5mGsbpAzLUE?t=288
,Scip,CL8F3,Reminder,1 (Minor),no offence,Chatting During Race,
,Scip,CL8F3,Reminder,2 (Moderate),no offence,Unsportsmanlike conduct,Swearing at driver during race
,Senna,JL6R4,Reminder,1 (Minor),no offence,Careless Driving - Leaving Open Lanes,https://youtu.be/ByMkgkjmnEc?t=64
,Senna,JL6R4,Reminder,1 (Minor),no offence,Unsafe Track Re-Entry,https://youtu.be/ByMkgkjmnEc?t=9
,Sewasd,SL7R6,Reminder,1 (Minor),no offence,Filing a complaint that did not elicit Penalties,Reminded to make sure there is more than just lag / error.
,Sewasd,CL10R4,Reminder,1 (Minor),no offence,Unsafe Track Re-Entry,https://youtu.be/k88cVdG679Y?t=934
,Smirnoff,JL4R2,Reminder,1 (Minor),no offence,Careless driving - Pitlane Violation,(5:55) Steered towards a driver in the pitbox during pit exit
,Smirnoff,CL8S3,Reminder,1 (Minor),no offence,Chatting During Countdown,
,Sobel,UL13,Absolute Warning,3 (Major),1st offence,Conspiring to commit infractions,"Creating alias on server and trolling the leagues with fake contracts   ""evading by leaving server and returning"" - doing this while admin just after dealing with another alt that did race and teher was an FIA announcement made about the severity of alts"
,Sobel,UL13,Absolute Warning,5 (Absolute),1st offence,Travesty of the Sport ,Setting example for other players that creating an alt can be done and impersonating a known offendor of the game 
,Sobel,UL13,Absolute Warning,5 (Absolute),1st offence,Unsportsmanlike Conduct,"  ""evading by leaving server and returning"" - doing this while admin just after dealing with another alt that did race and teher was an FIA announcement made about the severity of alts"
,Sobel,UL13R3,Reminder,2 (Moderate),no offence,Aggressive Driving - Bumping/Swerving ,https://youtu.be/Zfxto-TISuo?t=1636
,Sobel,SL11R9,Reminder,1 (Minor),no offence,Agressive Driving - Track Limits Drawing Penalty,(6:21) making a corner on grass - risks drawing a penalty against someone else - Re-Entry cut off Cubo
,Sobel,SL11R8,Reminder,1 (Minor),no offence,Careless Driving - Divebombing,"but it is a divbomb, plus cutting him off in teh next turnm"
,Sobel,SL11R1,Reminder,1 (Minor),no offence,Careless Driving - Driving Off-Track Into Car,"(10:41) Do not choose a lane that isnt open, running off track into another racer"
,Sobel,SL11R1,Reminder,1 (Minor),no offence,Careless Driving - Leaving Open Lanes,(14:36) Buda gave him open side - then he closed off Buda's on next turn.
,Sobel,UL13R4,Reminder,1 (Minor),no offence,Late break,25:50.11
,Sobel,UL12R8,Reminder 2,2 (Moderate),no offence,Aggressive Driving - Divebombing,https://youtu.be/pUgw6mdiXow?t=402
,Spooder,SL11R1,CONNECTION,4 (Severe),CONNECTION,LAG / PING Trailers Severe teleporting,Connection Re-hab Assigned (not allowed to race in CL/SL races)
,Stefano,JL5R1,Reminder,1 (Minor),no offence,Agressive Driving - Divebomb,(11:57)
,Stefano,JL6R2,Reminder,1 (Minor),no offence,Careless Driving - Leaving Open Lanes,https://youtu.be/nFARHXjbxbI?t=359
,tmtf,JL11R2,Final Warning ,1 (Minor),no offence,Chatting During Countdown,
,tomatoes,CL8S5,Reminder,1 (Minor),no offence,Agressive Driving - Track Limits Drawing Penalty,(6:11) making a corner on grass - risks drawing a penalty against someone else - Re-Entry cut off Cubo
,tomatoes,JL7R1,Reminder,1 (Minor),no offence,Careless Driving - Abrupt Lane-Change,https://youtu.be/ELKVeLsOB3c?t=230
,tomatoes,JL7R1,Reminder,1 (Minor),no offence,Careless Driving - Abrupt Lane-Change,https://youtu.be/ELKVeLsOB3c?t=265
,tomatoes,JL7R2,Reminder,1 (Minor),no offence,Careless Driving - Unsafe Pit Entry,https://youtu.be/CUPQ253V8Mo?t=792
,tomatoes,JL6R3,Reminder,1 (Minor),no offence,Chatting during countdown,
,tomatoes,JL6R1,Reminder,1 (Minor),no offence,Late Break,https://youtu.be/ULvMSCM8ZiU?t=368 (6:08)
,tomatoes,JL5R4,Reminder 2,1 (Minor),no offence,Careless Driving - Leaving Open Lanes,(4:14)
,tomatoes,JL6R5,Reminder 2,1 (Minor),no offence,Late Break,https://youtu.be/fDyQAN3XVUQ?t=395
,tomatoes,JL5R4,Reminder 2 (sr),1 (Minor),no offence,Careless Driving - Leaving Open Lanes,(5:16   *** Very tricky turn but still something to look out for
,tomatoes,JL7R2,Warning,1 (Minor),no offence,Careless Driving - Late Break,https://youtu.be/CUPQ253V8Mo?t=761
,tomatoes,CL8S5,Warning,1 (Minor),1st offence,Careless Driving - Leaving Open Lanes,(6:41) 2nd race in a row with this incident
,tomatoes,JL7R2,Warning (2),1 (Minor),no offence,Careless Driving - Late Break,https://youtu.be/CUPQ253V8Mo?t=1005
,Urist,CL11S5,Final Warning,1 (Minor),no offence,Chatting During Countdown,
,Urist,SL7R5,Grid Penalty,5 (Absolute),1st offence,Abuse of FIA power & Attacking another player during race,Both violations combined into one penalty â€“ start from back of pack.
,Urist,CL8F1,Reminder,1 (Minor),no offence,Aggressive Driving - Pitlane Violation,(24:44) Leave Lanes open in pit for both drivers
,Urist,CL8F2,Reminder,1 (Minor),no offence,Agressive Driving - Divebomb,(24:34)
,Urist,CL8S2,Reminder,1 (Minor),no offence,Careless Driving - Abrupt Lane-Change,(6:15) Cuts into to cut grass infront of other drivers
,Urist,CL11F5,Reminder,2 (Moderate),no offence,Driving Off-Track,https://youtu.be/z_lE25L6Nhc?t=1240
,Urist,CL11R1,Reminder,1 (Minor),no offence,Edging,
,Urist,CL10R6,Reminder,1 (Minor),1st offence,Leaving Open Lanes,https://discord.com/channels/449754203238301698/1118853982920646677/1154153614965735495
,Urist,CL8F5,Reminder 2,1 (Minor),no offence,Agressive Driving - Divebomb,2:24 of race time (not linked) Lap 5
,Urist,CL8S2,Reminder 2,1 (Minor),no offence,Careless Driving - Abrupt Lane-Change,(6:19) immediately cuts of rhozzim into grass with a similar abrupt lane change
,Urist,CL11F5,Reminder 2,1 (Minor),no offence,Leaving open Lanes,https://youtu.be/NPGIvx9gz8E?t=237
,Urist,SL7GG,Warning,3 (Major),1st offence,(Non-League All-Star Race) Targeting driver on track,Committing & public boasting of unsportsmanlike conduct. Only level 3 because of off-season event
,Urist,CL9F1,Warning,1 (Minor),no offence,Agressive Driving - Divebomb,https://gyazo.com/416f96e91867607fdbcdcbde9374ac31
,Urist,UL13R3,Warning,3 (Major),no offence,Bumping/Crashing,https://youtu.be/N1UDXaF005w?t=611
,Urist,SL7R5,Warning,2 (Moderate),1st offence,Engaging in Chat during race,Full-on conversation/argument in race in verbal assault of another driver.
,Urist,UL13R3,Warning,3 (Major),no offence,Post-Race Arguing /Instigating,https://discord.com/channels/449754203238301698/903800685697593344/1132742085624209408
,Urist,CL11F6,Warning,1 (Minor),no offence,Careless Driving - Abrupt Lane-Change,https://youtu.be/FsIl5dm5DBQ?t=1134
,Urist,UL14,Server Mute Warning,4 (Severe),no offence,Server-Mute ,For public toxic arguments and name calling Nov 28
,Vepyr,JL7R2,Reminder,1 (Minor),no offence,Unsafe Track Re-Entry,https://youtu.be/RONyuj8nUNo?t=105
,Vepyr,JL7R3,Reminder ,1 (Minor),no offence,Chatting Duirng Countdown,
,Vepyr,JL7R5,Reminder2,1 (Minor),no offence,Unsafe Track Re-Entry,https://youtu.be/J63YygrF_P8?t=19
,vincy,JL10R5,Final Warning,1 (Minor),no offence,Chatting During Race,
,Vlad0204,CL11R4,Reminder,1 (Minor),no offence,Leaving open lanes,https://www.youtube.com/watch?v=rg1VziG2N3A&t=790s
,vlad0204,CL11F5,Warning,2 (Moderate),no offence,Divebomb,https://youtu.be/z_lE25L6Nhc?t=1017
,Vlad0204,CL10R6,Warning,2 (Moderate),1st offence,Edging,https://discord.com/channels/449754203238301698/1118853982920646677/1154153614965735495
,vr_46,JL10R1,Reminder,1 (Minor),no offence,Chatting During Countdown,
,Wojtek,JL11R2,Final Warning ,1 (Minor),no offence,Chatting During Countdown,
,x6ten,CL8S1,Reminder,1 (Minor),no offence,Chatting During race,
,x6ten,CL8F1,Reminder,1 (Minor),no offence,PING TRAILERS,(25:16)  Be aware of lanes when both drivers are high PINGers
,x6ten,CL8F1,Reminder 2,1 (Minor),no offence,Chatting During Countdown,2nd offence in same day
,x6ten,CL8F1,Warning,2 (Moderate),no offence,Aggressive Driving - Bumping/Swerving ,"(25:43)  Even if in defense, crashing into eachother is not allowed"
,Zekisverse,JL4R1,Reminder,1 (Minor),no offence,Agressive Driving - Divebomb Drawing Penalty,"(13:26) Do not choose a lane that isnt open, running off track into another racer"
,Zekisverse,JL4R1,Reminder,1 (Minor),no offence,Careless Driving - Leaving Open Lanes,(10:25)  stay on inside line the whoel turn (did this perfectly the previous lap)
,Zekisverse,JL4R1,Reminder,1 (Minor),no offence,Chatting During Countdown,